{
  "project_info": {
    "project_number": "367932950628",
    "project_id": "weather-8ff20",
    "storage_bucket": "weather-8ff20.appspot.com"
  },
  "client": [
    {
      "client_info": {
        "mobilesdk_app_id": "1:367932950628:android:fe1f80b7f2e8ab94253771",
        "android_client_info": {
          "package_name": "com.weather"
        }
      },
      "oauth_client": [
        {
          "client_id": "367932950628-6qafa1a8katv2h00uu0vmj7invog245i.apps.googleusercontent.com",
          "client_type": 3
        }
      ],
      "api_key": [
        {
          "current_key": "AIzaSyACAvcpDkTQfQ0A-n54dbpZvgzX5wsaX-w"
        }
      ],
      "services": {
        "appinvite_service": {
          "other_platform_oauth_client": [
            {
              "client_id": "367932950628-6qafa1a8katv2h00uu0vmj7invog245i.apps.googleusercontent.com",
              "client_type": 3
            }
          ]
        }
      }
    }
  ],
  "configuration_version": "1"
}